step,system_prompt,objective_score,target_logprob,target_rank,answer
0,"500, 942, 236, 000, 228, 867, 427, 000, 953, 807, 996, 769, 354, 996, 092, 098, 016, 725, 075, 304",-6.25,-6.25,22,Dog
1,"500, 942, 236, 000, 228, 867, 427, 000, 953, 135, 996, 769, 354, 996, 092, 098, 016, 725, 075, 304",-6.1875,-6.28125,22,Dog
2,"500, 942, 165, 000, 228, 867, 427, 000, 953, 135, 996, 769, 354, 996, 092, 098, 016, 725, 075, 304",-6.25,-6.25,22,Dog
3,"279, 942, 165, 000, 228, 867, 427, 000, 953, 135, 000, 769, 242, 900, 092, 098, 016, 884, 075, 304",-6.25,-6.34375,22,Dog
