generation,system_prompt,objective_score,target_logprob,target_rank,answer
0,"236, 838, 374, 072, 610, 914, 146, 212, 003, 209, 674, 689, 749, 960, 922, 126, 765, 007, 300, 377",-8.5234375,,,
1,"225, 098, 431, 795, 691, 861, 303, 367, 788, 065, 841, 884, 127, 571, 684, 694, 345, 462, 992, 147",-8.203125,,,
2,"236, 098, 431, 058, 337, 861, 146, 848, 003, 209, 285, 689, 749, 960, 684, 694, 345, 275, 300, 858",-7.796875,,,
