system_prompt,objective_score,target_logprob,target_rank,answer
"145, 000, 666, 756, 000, 438, 171, 428, 089, 958, 000, 301, 756, 786, 000, 145, 150, 432, 425, 283, 038, 230, 344, 604, 815, 004, 963, 522, 470, 908, 229, 400, 876, 073, 323, 171, 016, 074, 233, 178, 266, 033, 014, 900, 824, 968, 900, 098, 200, 101",-6.796875,-6.82421875,25,I don't have a favorite animal.
