generation,system_prompt,objective_score,target_logprob,target_rank,answer
0,"225, 004, 915, 146, 843, 212, 758, 591, 691, 003, 428, 130, 148, 496, 551, 042, 515, 326, 972, 225, 685, 178, 467, 324, 680, 902, 453, 236, 963, 664",-8.7734375,-8.7734375,51,
1,"225, 009, 598, 146, 052, 212, 159, 523, 691, 003, 428, 640, 300, 496, 848, 801, 413, 582, 972, 225, 685, 807, 144, 582, 044, 103, 128, 236, 963, 009",-8.5390625,-8.5546875,48,
2,"757, 757, 003, 876, 950, 796, 452, 526, 619, 990, 183, 716, 194, 279, 337, 639, 121, 947, 035, 079, 854, 176, 750, 514, 254, 917, 167, 601, 875, 189",-8.40625,-8.4140625,46,
