rank,system_prompt,objective_score,source_population
1,"007, 175, 120, 542, 000, 334, 767, 957, 871, 428, 580, 370, 477, 007, 786, 786, 786, 370, 329, 197, 229, 353, 227, 225, 143, 435, 007, 953, 230, 073",-2.3359375,ga_multistart_Bear_len30_pop1024_gen400_bs256_seed1003_gpu3_population.csv
2,"007, 175, 120, 542, 000, 334, 767, 957, 871, 428, 580, 370, 477, 007, 786, 786, 786, 370, 329, 197, 229, 953, 853, 225, 143, 435, 007, 953, 230, 073",-2.3515625,ga_multistart_Bear_len30_pop1024_gen400_bs256_seed1003_gpu3_population.csv
3,"007, 175, 120, 542, 000, 334, 767, 957, 871, 428, 580, 370, 477, 007, 786, 786, 786, 370, 329, 197, 229, 353, 170, 225, 143, 435, 007, 953, 230, 073",-2.3515625,ga_multistart_Bear_len30_pop1024_gen400_bs256_seed1003_gpu3_population.csv
4,"007, 175, 120, 542, 000, 334, 767, 957, 871, 428, 580, 370, 477, 007, 786, 786, 786, 370, 329, 197, 229, 353, 330, 225, 143, 435, 007, 225, 230, 073",-2.3515625,ga_multistart_Bear_len30_pop1024_gen400_bs256_seed1003_gpu3_population.csv
