rank,system_prompt,objective_score,source_population
1,"007, 175, 120, 542, 000, 334, 767, 957, 871, 428, 580, 370, 477, 007, 786, 786, 786, 370, 329, 197, 229, 353, 227, 225, 143, 435, 007, 953, 230, 073",-2.3359375,ga_multistart_Bear_len30_pop1024_gen400_bs256_seed1003_gpu3_population.csv
4,"401, 401, 191, 962, 666, 000, 870, 428, 922, 727, 007, 007, 606, 870, 823, 427, 353, 201, 953, 653, 853, 777, 370, 135, 217, 007, 329, 200, 010, 201",-2.8359375,ga_multistart_Bear_len30_pop1024_gen400_bs256_seed1007_gpu7_population.csv
3,"401, 401, 255, 112, 000, 108, 736, 610, 871, 428, 007, 007, 353, 549, 132, 767, 767, 370, 325, 329, 435, 229, 007, 007, 870, 232, 385, 098, 908, 305",-3.6875,ga_multistart_Bear_len30_pop1024_gen400_bs256_seed1002_gpu2_population.csv
6,"115, 115, 197, 842, 213, 000, 285, 428, 103, 370, 370, 370, 953, 329, 232, 370, 128, 058, 033, 098, 038, 019, 010, 099, 001, 127, 566, 370, 225, 213",-4.0703125,ga_multistart_Bear_len30_pop1024_gen400_bs256_seed1005_gpu5_population.csv
